ATTACK,DEFENSE,PKMN,Normal,Fire,Water,Electric,Grass,Ice,Fighting,Poison,Ground,Flying,Psychic,Bug,Rock,Ghost,Dragon,Dark,Steel,Fairy
Normal,None,82,1,1,1,1,1,1,2,1,1,1,1,1,1,0,1,1,1,1
Normal,Fire,2,1,0.5,2,1,0.5,0.5,2,1,2,1,1,0.5,2,0,1,1,0.5,0.5
Normal,Water,1,1,0.5,0.5,2,2,0.5,2,1,1,1,1,1,1,0,1,1,0.5,1
Normal,Electric,2,1,1,1,0.5,1,1,2,1,2,0.5,1,1,1,0,1,1,0.5,1
Normal,Grass,5,1,2,0.5,0.5,0.5,2,2,2,0.5,2,1,2,1,0,1,1,1,1
Normal,Ice,0,1,2,1,1,1,0.5,4,1,1,1,1,1,2,0,1,1,2,1
Normal,Fighting,4,1,1,1,1,1,1,2,1,1,2,2,0.5,0.5,0,1,0.5,1,2
Normal,Poison,2,1,1,1,1,0.5,1,1,0.5,2,1,2,0.5,1,0,1,1,1,0.5
Normal,Ground,3,1,1,2,0,2,2,2,0.5,1,1,1,1,0.5,0,1,1,1,1
Normal,Flying,31,1,1,1,2,0.5,2,1,1,0,1,1,0.5,2,0,1,1,1,1
Normal,Psychic,7,1,1,1,1,1,1,1,1,1,1,0.5,2,1,0,1,2,1,1
Normal,Bug,0,1,2,1,1,0.5,1,1,1,0.5,2,1,1,2,0,1,1,1,1
Normal,Rock,0,0.5,0.5,2,1,2,1,4,0.5,2,0.5,1,1,1,0,1,1,2,1
Normal,Ghost,2,0,1,1,1,1,1,0,0.5,1,1,1,0.5,1,0,1,2,1,1
Normal,Dragon,2,1,0.5,0.5,0.5,0.5,2,2,1,1,1,1,1,1,0,2,1,1,2
Normal,Dark,5,1,1,1,1,1,1,4,1,1,1,0,2,1,0,1,0.5,1,2
Normal,Steel,0,0.5,2,1,1,0.5,0.5,4,0,2,0.5,0.5,0.5,0.5,0,0.5,1,0.5,0.5
Normal,Fairy,5,1,1,1,1,1,1,1,2,1,1,1,0.5,1,0,0,0.5,2,1
Fire,None,37,1,0.5,2,1,0.5,0.5,1,1,2,1,1,0.5,2,1,1,1,0.5,0.5
Fire,Normal,2,1,0.5,2,1,0.5,0.5,2,1,2,1,1,0.5,2,0,1,1,0.5,0.5
Fire,Water,1,1,0.25,1,2,1,0.25,1,1,2,1,1,0.5,2,1,1,1,0.25,0.5
Fire,Electric,1,1,0.5,2,0.5,0.5,0.5,1,1,4,0.5,1,0.5,2,1,1,1,0.25,0.5
Fire,Grass,2,1,1,1,0.5,0.25,1,1,2,1,2,1,1,2,1,1,1,0.5,0.5
Fire,Ice,1,1,1,2,1,0.5,0.25,2,1,2,1,1,0.5,4,1,1,1,1,0.5
Fire,Fighting,8,1,0.5,2,1,0.5,0.5,1,1,2,2,2,0.25,1,1,1,0.5,0.5,1
Fire,Poison,3,1,0.5,2,1,0.25,0.5,0.5,0.5,4,1,2,0.25,2,1,1,1,0.5,0.25
Fire,Ground,4,1,0.5,4,0,1,1,1,0.5,2,1,1,0.5,1,1,1,1,0.5,0.5
Fire,Flying,7,1,0.5,2,2,0.25,1,0.5,1,0,1,1,0.25,4,1,1,1,0.5,0.5
Fire,Psychic,4,1,0.5,2,1,0.5,0.5,0.5,1,2,1,0.5,1,2,2,1,2,0.5,0.5
Fire,Bug,4,1,1,2,1,0.25,0.5,0.5,1,1,2,1,0.5,4,1,1,1,0.5,0.5
Fire,Rock,5,0.5,0.25,4,1,1,0.5,2,0.5,4,0.5,1,0.5,2,1,1,1,1,0.5
Fire,Ghost,8,0,0.5,2,1,0.5,0.5,0,0.5,2,1,1,0.25,2,2,1,2,0.5,0.5
Fire,Dragon,4,1,0.25,1,0.5,0.25,1,1,1,2,1,1,0.5,2,1,2,1,0.5,1
Fire,Dark,5,1,0.5,2,1,0.5,0.5,2,1,2,1,0,1,2,0.5,1,0.5,0.5,1
Fire,Steel,1,0.5,1,2,1,0.25,0.25,2,0,4,0.5,0.5,0.25,1,1,0.5,1,0.25,0.25
Fire,Fairy,0,1,0.5,2,1,0.5,0.5,0.5,2,2,1,1,0.25,2,1,0,0.5,1,0.5
Water,None,81,1,0.5,0.5,2,2,0.5,1,1,1,1,1,1,1,1,1,1,0.5,1
Water,Normal,1,1,0.5,0.5,2,2,0.5,2,1,1,1,1,1,1,0,1,1,0.5,1
Water,Fire,1,1,0.25,1,2,1,0.25,1,1,2,1,1,0.5,2,1,1,1,0.25,0.5
Water,Electric,3,1,0.5,0.5,1,2,0.5,1,1,2,0.5,1,1,1,1,1,1,0.25,1
Water,Grass,4,1,1,0.25,1,1,1,1,2,0.5,2,1,2,1,1,1,1,0.5,1
Water,Ice,8,1,1,0.5,2,2,0.25,2,1,1,1,1,1,2,1,1,1,1,1
Water,Fighting,6,1,0.5,0.5,2,2,0.5,1,1,1,2,2,0.5,0.5,1,1,0.5,0.5,2
Water,Poison,6,1,0.5,0.5,2,1,0.5,0.5,0.5,2,1,2,0.5,1,1,1,1,0.5,0.5
Water,Ground,10,1,0.5,1,0,4,1,1,0.5,1,1,1,1,0.5,1,1,1,0.5,1
Water,Flying,8,1,0.5,0.5,4,1,1,0.5,1,0,1,1,0.5,2,1,1,1,0.5,1
Water,Psychic,7,1,0.5,0.5,2,2,0.5,0.5,1,1,1,0.5,2,1,2,1,2,0.5,1
Water,Bug,5,1,1,0.5,2,1,0.5,0.5,1,0.5,2,1,1,2,1,1,1,0.5,1
Water,Rock,11,0.5,0.25,1,2,4,0.5,2,0.5,2,0.5,1,1,1,1,1,1,1,1
Water,Ghost,4,0,0.5,0.5,2,2,0.5,0,0.5,1,1,1,0.5,1,2,1,2,0.5,1
Water,Dragon,8,1,0.25,0.25,1,1,1,1,1,1,1,1,1,1,1,2,1,0.5,2
Water,Dark,8,1,0.5,0.5,2,2,0.5,2,1,1,1,0,2,1,0.5,1,0.5,0.5,2
Water,Steel,1,0.5,1,0.5,2,1,0.25,2,0,2,0.5,0.5,0.5,0.5,1,0.5,1,0.25,0.5
Water,Fairy,4,1,0.5,0.5,2,2,0.5,0.5,2,1,1,1,0.5,1,1,0,0.5,1,1
Electric,None,37,1,1,1,0.5,1,1,1,1,2,0.5,1,1,1,1,1,1,0.5,1
Electric,Normal,2,1,1,1,0.5,1,1,2,1,2,0.5,1,1,1,0,1,1,0.5,1
Electric,Fire,1,1,0.5,2,0.5,0.5,0.5,1,1,4,0.5,1,0.5,2,1,1,1,0.25,0.5
Electric,Water,3,1,0.5,0.5,1,2,0.5,1,1,2,0.5,1,1,1,1,1,1,0.25,1
Electric,Grass,3,1,2,0.5,0.25,0.5,2,1,2,1,1,1,2,1,1,1,1,0.5,1
Electric,Ice,2,1,2,1,0.5,1,0.5,2,1,2,0.5,1,1,2,1,1,1,1,1
Electric,Fighting,3,1,1,1,0.5,1,1,1,1,2,1,2,0.5,0.5,1,1,0.5,0.5,2
Electric,Poison,3,1,1,1,0.5,0.5,1,0.5,0.5,4,0.5,2,0.5,1,1,1,1,0.5,0.5
Electric,Ground,2,1,1,2,0,2,2,1,0.5,2,0.5,1,1,0.5,1,1,1,0.5,1
Electric,Flying,8,1,1,1,1,0.5,2,0.5,1,0,0.5,1,0.5,2,1,1,1,0.5,1
Electric,Psychic,1,1,1,1,0.5,1,1,0.5,1,2,0.5,0.5,2,1,2,1,2,0.5,1
Electric,Bug,4,1,2,1,0.5,0.5,1,0.5,1,1,1,1,1,2,1,1,1,0.5,1
Electric,Rock,4,0.5,0.5,2,0.5,2,1,2,0.5,4,0.25,1,1,1,1,1,1,1,1
Electric,Ghost,1,0,1,1,0.5,1,1,0,0.5,2,0.5,1,0.5,1,2,1,2,0.5,1
Electric,Dragon,5,1,0.5,0.5,0.25,0.5,2,1,1,2,0.5,1,1,1,1,2,1,0.5,2
Electric,Dark,2,1,1,1,0.5,1,1,2,1,2,0.5,0,2,1,0.5,1,0.5,0.5,2
Electric,Steel,4,0.5,2,1,0.5,0.5,0.5,2,0,4,0.25,0.5,0.5,0.5,1,0.5,1,0.25,0.5
Electric,Fairy,2,1,1,1,0.5,1,1,0.5,2,2,0.5,1,0.5,1,1,0,0.5,1,1
Grass,None,47,1,2,0.5,0.5,0.5,2,1,2,0.5,2,1,2,1,1,1,1,1,1
Grass,Normal,5,1,2,0.5,0.5,0.5,2,2,2,0.5,2,1,2,1,0,1,1,1,1
Grass,Fire,2,1,1,1,0.5,0.25,1,1,2,1,2,1,1,2,1,1,1,0.5,0.5
Grass,Water,4,1,1,0.25,1,1,1,1,2,0.5,2,1,2,1,1,1,1,0.5,1
Grass,Electric,3,1,2,0.5,0.25,0.5,2,1,2,1,1,1,2,1,1,1,1,0.5,1
Grass,Ice,3,1,4,0.5,0.5,0.5,1,2,2,0.5,2,1,2,2,1,1,1,2,1
Grass,Fighting,5,1,2,0.5,0.5,0.5,2,1,2,0.5,4,2,1,0.5,1,1,0.5,1,2
Grass,Poison,15,1,2,0.5,0.5,0.25,2,0.5,1,1,2,2,1,1,1,1,1,1,0.5
Grass,Ground,3,1,2,1,0,1,4,1,1,0.5,2,1,2,0.5,1,1,1,1,1
Grass,Flying,7,1,2,0.5,1,0.25,4,0.5,2,0,2,1,1,2,1,1,1,1,1
Grass,Psychic,5,1,2,0.5,0.5,0.5,2,0.5,2,0.5,2,0.5,4,1,2,1,2,1,1
Grass,Bug,6,1,4,0.5,0.5,0.25,2,0.5,2,0.25,4,1,2,2,1,1,1,1,1
Grass,Rock,3,0.5,1,1,0.5,1,2,2,1,1,1,1,2,1,1,1,1,2,1
Grass,Ghost,16,0,2,0.5,0.5,0.5,2,0,1,0.5,2,1,1,1,2,1,2,1,1
Grass,Dragon,7,1,1,0.25,0.25,0.25,4,1,2,0.5,2,1,2,1,1,2,1,1,2
Grass,Dark,7,1,2,0.5,0.5,0.5,2,2,2,0.5,2,0,4,1,0.5,1,0.5,1,2
Grass,Steel,3,0.5,4,0.5,0.5,0.25,1,2,0,1,1,0.5,1,0.5,1,0.5,1,0.5,0.5
Grass,Fairy,5,1,2,0.5,0.5,0.5,2,0.5,4,0.5,2,1,1,1,1,0,0.5,2,1
Ice,None,22,1,2,1,1,1,0.5,2,1,1,1,1,1,2,1,1,1,2,1
Ice,Normal,0,1,2,1,1,1,0.5,4,1,1,1,1,1,2,0,1,1,2,1
Ice,Fire,1,1,1,2,1,0.5,0.25,2,1,2,1,1,0.5,4,1,1,1,1,0.5
Ice,Water,8,1,1,0.5,2,2,0.25,2,1,1,1,1,1,2,1,1,1,1,1
Ice,Electric,2,1,2,1,0.5,1,0.5,2,1,2,0.5,1,1,2,1,1,1,1,1
Ice,Grass,3,1,4,0.5,0.5,0.5,1,2,2,0.5,2,1,2,2,1,1,1,2,1
Ice,Fighting,1,1,2,1,1,1,0.5,2,1,1,2,2,0.5,1,1,1,0.5,2,2
Ice,Poison,0,1,2,1,1,0.5,0.5,1,0.5,2,1,2,0.5,2,1,1,1,2,0.5
Ice,Ground,3,1,2,2,0,2,1,2,0.5,1,1,1,1,1,1,1,1,2,1
Ice,Flying,2,1,2,1,2,0.5,1,1,1,0,1,1,0.5,4,1,1,1,2,1
Ice,Psychic,5,1,2,1,1,1,0.5,1,1,1,1,0.5,2,2,2,1,2,2,1
Ice,Bug,2,1,4,1,1,0.5,0.5,1,1,0.5,2,1,1,4,1,1,1,2,1
Ice,Rock,3,0.5,1,2,1,2,0.5,4,0.5,2,0.5,1,1,2,1,1,1,4,1
Ice,Ghost,1,0,2,1,1,1,0.5,0,0.5,1,1,1,0.5,2,2,1,2,2,1
Ice,Dragon,6,1,1,0.5,0.5,0.5,1,2,1,1,1,1,1,2,1,2,1,2,2
Ice,Dark,3,1,2,1,1,1,0.5,4,1,1,1,0,2,2,0.5,1,0.5,2,2
Ice,Steel,2,0.5,4,1,1,0.5,0.25,4,0,2,0.5,0.5,0.5,1,1,0.5,1,1,0.5
Ice,Fairy,1,1,2,1,1,1,0.5,1,2,1,1,1,0.5,2,1,0,0.5,4,1
Fighting,None,30,1,1,1,1,1,1,1,1,1,2,2,0.5,0.5,1,1,0.5,1,2
Fighting,Normal,4,1,1,1,1,1,1,2,1,1,2,2,0.5,0.5,0,1,0.5,1,2
Fighting,Fire,8,1,0.5,2,1,0.5,0.5,1,1,2,2,2,0.25,1,1,1,0.5,0.5,1
Fighting,Water,6,1,0.5,0.5,2,2,0.5,1,1,1,2,2,0.5,0.5,1,1,0.5,0.5,2
Fighting,Electric,3,1,1,1,0.5,1,1,1,1,2,1,2,0.5,0.5,1,1,0.5,0.5,2
Fighting,Grass,5,1,2,0.5,0.5,0.5,2,1,2,0.5,4,2,1,0.5,1,1,0.5,1,2
Fighting,Ice,1,1,2,1,1,1,0.5,2,1,1,2,2,0.5,1,1,1,0.5,2,2
Fighting,Poison,5,1,1,1,1,0.5,1,0.5,0.5,2,2,4,0.25,0.5,1,1,0.5,1,1
Fighting,Ground,1,1,1,2,0,2,2,1,0.5,1,2,2,0.5,0.25,1,1,0.5,1,2
Fighting,Flying,3,1,1,1,2,0.5,2,0.5,1,0,2,2,0.25,1,1,1,0.5,1,2
Fighting,Psychic,6,1,1,1,1,1,1,0.5,1,1,2,1,1,0.5,2,1,1,1,2
Fighting,Bug,5,1,2,1,1,0.5,1,0.5,1,0.5,4,2,0.5,1,1,1,0.5,1,2
Fighting,Rock,1,0.5,0.5,2,1,2,1,2,0.5,2,1,2,0.5,0.5,1,1,0.5,2,2
Fighting,Ghost,2,0,1,1,1,1,1,0,0.5,1,2,2,0.25,0.5,2,1,1,1,2
Fighting,Dragon,3,1,0.5,0.5,0.5,0.5,2,1,1,1,2,2,0.5,0.5,1,2,0.5,1,4
Fighting,Dark,4,1,1,1,1,1,1,2,1,1,2,0,1,0.5,0.5,1,0.25,1,4
Fighting,Steel,4,0.5,2,1,1,0.5,0.5,2,0,2,1,1,0.25,0.25,1,0.5,0.5,0.5,1
Fighting,Fairy,1,1,1,1,1,1,1,0.5,2,1,2,2,0.25,0.5,1,0,0.25,2,2
Poison,None,16,1,1,1,1,0.5,1,0.5,0.5,2,1,2,0.5,1,1,1,1,1,0.5
Poison,Normal,2,1,1,1,1,0.5,1,1,0.5,2,1,2,0.5,1,0,1,1,1,0.5
Poison,Fire,3,1,0.5,2,1,0.25,0.5,0.5,0.5,4,1,2,0.25,2,1,1,1,0.5,0.25
Poison,Water,6,1,0.5,0.5,2,1,0.5,0.5,0.5,2,1,2,0.5,1,1,1,1,0.5,0.5
Poison,Electric,3,1,1,1,0.5,0.5,1,0.5,0.5,4,0.5,2,0.5,1,1,1,1,0.5,0.5
Poison,Grass,15,1,2,0.5,0.5,0.25,2,0.5,1,1,2,2,1,1,1,1,1,1,0.5
Poison,Ice,0,1,2,1,1,0.5,0.5,1,0.5,2,1,2,0.5,2,1,1,1,2,0.5
Poison,Fighting,5,1,1,1,1,0.5,1,0.5,0.5,2,2,4,0.25,0.5,1,1,0.5,1,1
Poison,Ground,4,1,1,2,0,1,2,0.5,0.25,2,1,2,0.5,0.5,1,1,1,1,0.5
Poison,Flying,3,1,1,1,2,0.25,2,0.25,0.5,0,1,2,0.25,2,1,1,1,1,0.5
Poison,Psychic,3,1,1,1,1,0.5,1,0.25,0.5,2,1,1,1,1,2,1,2,1,0.5
Poison,Bug,13,1,2,1,1,0.25,1,0.25,0.5,1,2,2,0.5,2,1,1,1,1,0.5
Poison,Rock,3,0.5,0.5,2,1,1,1,1,0.25,4,0.5,2,0.5,1,1,1,1,2,0.5
Poison,Ghost,5,0,1,1,1,0.5,1,0,0.25,2,1,2,0.25,1,2,1,2,1,0.5
Poison,Dragon,4,1,0.5,0.5,0.5,0.25,2,0.5,0.5,2,1,2,0.5,1,1,2,1,1,1
Poison,Dark,7,1,1,1,1,0.5,1,1,0.5,2,1,0,1,1,0.5,1,0.5,1,1
Poison,Steel,2,0.5,2,1,1,0.25,0.5,1,0,4,0.5,1,0.25,0.5,1,0.5,1,0.5,0.25
Poison,Fairy,2,1,1,1,1,0.5,1,0.25,1,2,1,2,0.25,1,1,0,0.5,2,0.5
Ground,None,17,1,1,2,0,2,2,1,0.5,1,1,1,1,0.5,1,1,1,1,1
Ground,Normal,3,1,1,2,0,2,2,2,0.5,1,1,1,1,0.5,0,1,1,1,1
Ground,Fire,4,1,0.5,4,0,1,1,1,0.5,2,1,1,0.5,1,1,1,1,0.5,0.5
Ground,Water,10,1,0.5,1,0,4,1,1,0.5,1,1,1,1,0.5,1,1,1,0.5,1
Ground,Electric,2,1,1,2,0,2,2,1,0.5,2,0.5,1,1,0.5,1,1,1,0.5,1
Ground,Grass,3,1,2,1,0,1,4,1,1,0.5,2,1,2,0.5,1,1,1,1,1
Ground,Ice,3,1,2,2,0,2,1,2,0.5,1,1,1,1,1,1,1,1,2,1
Ground,Fighting,1,1,1,2,0,2,2,1,0.5,1,2,2,0.5,0.25,1,1,0.5,1,2
Ground,Poison,4,1,1,2,0,1,2,0.5,0.25,2,1,2,0.5,0.5,1,1,1,1,0.5
Ground,Flying,4,1,1,2,0,1,4,0.5,0.5,0,1,1,0.5,1,1,1,1,1,1
Ground,Psychic,2,1,1,2,0,2,2,0.5,0.5,1,1,0.5,2,0.5,2,1,2,1,1
Ground,Bug,2,1,2,2,0,1,2,0.5,0.5,0.5,2,1,1,1,1,1,1,1,1
Ground,Rock,9,0.5,0.5,4,0,4,2,2,0.25,2,0.5,1,1,0.5,1,1,1,2,1
Ground,Ghost,6,0,1,2,0,2,2,0,0.25,1,1,1,0.5,0.5,2,1,2,1,1
Ground,Dragon,9,1,0.5,1,0,1,4,1,0.5,1,1,1,1,0.5,1,2,1,1,2
Ground,Dark,4,1,1,2,0,2,2,2,0.5,1,1,0,2,0.5,0.5,1,0.5,1,2
Ground,Steel,7,0.5,2,2,0,1,1,2,0,2,0.5,0.5,0.5,0.25,1,0.5,1,0.5,0.5
Ground,Fairy,0,1,1,2,0,2,2,0.5,1,1,1,1,0.5,0.5,1,0,0.5,2,1
Flying,None,4,1,1,1,2,0.5,2,0.5,1,0,1,1,0.5,2,1,1,1,1,1
Flying,Normal,31,1,1,1,2,0.5,2,1,1,0,1,1,0.5,2,0,1,1,1,1
Flying,Fire,7,1,0.5,2,2,0.25,1,0.5,1,0,1,1,0.25,4,1,1,1,0.5,0.5
Flying,Water,8,1,0.5,0.5,4,1,1,0.5,1,0,1,1,0.5,2,1,1,1,0.5,1
Flying,Electric,8,1,1,1,1,0.5,2,0.5,1,0,0.5,1,0.5,2,1,1,1,0.5,1
Flying,Grass,7,1,2,0.5,1,0.25,4,0.5,2,0,2,1,1,2,1,1,1,1,1
Flying,Ice,2,1,2,1,2,0.5,1,1,1,0,1,1,0.5,4,1,1,1,2,1
Flying,Fighting,3,1,1,1,2,0.5,2,0.5,1,0,2,2,0.25,1,1,1,0.5,1,2
Flying,Poison,3,1,1,1,2,0.25,2,0.25,0.5,0,1,2,0.25,2,1,1,1,1,0.5
Flying,Ground,4,1,1,2,0,1,4,0.5,0.5,0,1,1,0.5,1,1,1,1,1,1
Flying,Psychic,9,1,1,1,2,0.5,2,0.25,1,0,1,0.5,1,2,2,1,2,1,1
Flying,Bug,14,1,2,1,2,0.25,2,0.25,1,0,2,1,0.5,4,1,1,1,1,1
Flying,Rock,6,0.5,0.5,2,2,1,2,1,0.5,0,0.5,1,0.5,2,1,1,1,2,1
Flying,Ghost,3,0,1,1,2,0.5,2,0,0.5,0,1,1,0.25,2,2,1,2,1,1
Flying,Dragon,8,1,0.5,0.5,1,0.25,4,0.5,1,0,1,1,0.5,2,1,2,1,1,2
Flying,Dark,8,1,1,1,2,0.5,2,1,1,0,1,0,1,2,0.5,1,0.5,1,2
Flying,Steel,3,0.5,2,1,2,0.25,1,1,0,0,0.5,0.5,0.25,1,1,0.5,1,0.5,0.5
Flying,Fairy,4,1,1,1,2,0.5,2,0.25,2,0,1,1,0.25,2,1,0,0.5,2,1
Psychic,None,47,1,1,1,1,1,1,0.5,1,1,1,0.5,2,1,2,1,2,1,1
Psychic,Normal,7,1,1,1,1,1,1,1,1,1,1,0.5,2,1,0,1,2,1,1
Psychic,Fire,4,1,0.5,2,1,0.5,0.5,0.5,1,2,1,0.5,1,2,2,1,2,0.5,0.5
Psychic,Water,7,1,0.5,0.5,2,2,0.5,0.5,1,1,1,0.5,2,1,2,1,2,0.5,1
Psychic,Electric,1,1,1,1,0.5,1,1,0.5,1,2,0.5,0.5,2,1,2,1,2,0.5,1
Psychic,Grass,5,1,2,0.5,0.5,0.5,2,0.5,2,0.5,2,0.5,4,1,2,1,2,1,1
Psychic,Ice,5,1,2,1,1,1,0.5,1,1,1,1,0.5,2,2,2,1,2,2,1
Psychic,Fighting,6,1,1,1,1,1,1,0.5,1,1,2,1,1,0.5,2,1,1,1,2
Psychic,Poison,3,1,1,1,1,0.5,1,0.25,0.5,2,1,1,1,1,2,1,2,1,0.5
Psychic,Ground,2,1,1,2,0,2,2,0.5,0.5,1,1,0.5,2,0.5,2,1,2,1,1
Psychic,Flying,9,1,1,1,2,0.5,2,0.25,1,0,1,0.5,1,2,2,1,2,1,1
Psychic,Bug,3,1,2,1,1,0.5,1,0.25,1,0.5,2,0.5,2,2,2,1,2,1,1
Psychic,Rock,3,0.5,0.5,2,1,2,1,1,0.5,2,0.5,0.5,2,1,2,1,2,2,1
Psychic,Ghost,4,0,1,1,1,1,1,0,0.5,1,1,0.5,1,1,4,1,4,1,1
Psychic,Dragon,5,1,0.5,0.5,0.5,0.5,2,0.5,1,1,1,0.5,2,1,2,2,2,1,2
Psychic,Dark,3,1,1,1,1,1,1,1,1,1,1,0,4,1,1,1,1,1,2
Psychic,Steel,10,0.5,2,1,1,0.5,0.5,1,0,2,0.5,0.25,1,0.5,2,0.5,2,0.5,0.5
Psychic,Fairy,10,1,1,1,1,1,1,0.25,2,1,1,0.5,1,1,2,0,1,2,1
Bug,None,25,1,2,1,1,0.5,1,0.5,1,0.5,2,1,1,2,1,1,1,1,1
Bug,Normal,0,1,2,1,1,0.5,1,1,1,0.5,2,1,1,2,0,1,1,1,1
Bug,Fire,4,1,1,2,1,0.25,0.5,0.5,1,1,2,1,0.5,4,1,1,1,0.5,0.5
Bug,Water,5,1,1,0.5,2,1,0.5,0.5,1,0.5,2,1,1,2,1,1,1,0.5,1
Bug,Electric,4,1,2,1,0.5,0.5,1,0.5,1,1,1,1,1,2,1,1,1,0.5,1
Bug,Grass,6,1,4,0.5,0.5,0.25,2,0.5,2,0.25,4,1,2,2,1,1,1,1,1
Bug,Ice,2,1,4,1,1,0.5,0.5,1,1,0.5,2,1,1,4,1,1,1,2,1
Bug,Fighting,5,1,2,1,1,0.5,1,0.5,1,0.5,4,2,0.5,1,1,1,0.5,1,2
Bug,Poison,13,1,2,1,1,0.25,1,0.25,0.5,1,2,2,0.5,2,1,1,1,1,0.5
Bug,Ground,2,1,2,2,0,1,2,0.5,0.5,0.5,2,1,1,1,1,1,1,1,1
Bug,Flying,14,1,2,1,2,0.25,2,0.25,1,0,2,1,0.5,4,1,1,1,1,1
Bug,Psychic,3,1,2,1,1,0.5,1,0.25,1,0.5,2,0.5,2,2,2,1,2,1,1
Bug,Rock,6,0.5,1,2,1,1,1,1,0.5,1,1,1,1,2,1,1,1,2,1
Bug,Ghost,1,0,2,1,1,0.5,1,0,0.5,0.5,2,1,0.5,2,2,1,2,1,1
Bug,Dragon,0,1,1,0.5,0.5,0.25,2,0.5,1,0.5,2,1,1,2,1,2,1,1,2
Bug,Dark,1,1,2,1,1,0.5,1,1,1,0.5,2,0,2,2,0.5,1,0.5,1,2
Bug,Steel,7,0.5,4,1,1,0.25,0.5,1,0,1,1,0.5,0.5,1,1,0.5,1,0.5,0.5
Bug,Fairy,2,1,2,1,1,0.5,1,0.25,2,0.5,2,1,0.5,2,1,0,0.5,2,1
Rock,None,20,0.5,0.5,2,1,2,1,2,0.5,2,0.5,1,1,1,1,1,1,2,1
Rock,Normal,0,0.5,0.5,2,1,2,1,4,0.5,2,0.5,1,1,1,0,1,1,2,1
Rock,Fire,5,0.5,0.25,4,1,1,0.5,2,0.5,4,0.5,1,0.5,2,1,1,1,1,0.5
Rock,Water,11,0.5,0.25,1,2,4,0.5,2,0.5,2,0.5,1,1,1,1,1,1,1,1
Rock,Electric,4,0.5,0.5,2,0.5,2,1,2,0.5,4,0.25,1,1,1,1,1,1,1,1
Rock,Grass,3,0.5,1,1,0.5,1,2,2,1,1,1,1,2,1,1,1,1,2,1
Rock,Ice,3,0.5,1,2,1,2,0.5,4,0.5,2,0.5,1,1,2,1,1,1,4,1
Rock,Fighting,1,0.5,0.5,2,1,2,1,2,0.5,2,1,2,0.5,0.5,1,1,0.5,2,2
Rock,Poison,3,0.5,0.5,2,1,1,1,1,0.25,4,0.5,2,0.5,1,1,1,1,2,0.5
Rock,Ground,9,0.5,0.5,4,0,4,2,2,0.25,2,0.5,1,1,0.5,1,1,1,2,1
Rock,Flying,6,0.5,0.5,2,2,1,2,1,0.5,0,0.5,1,0.5,2,1,1,1,2,1
Rock,Psychic,3,0.5,0.5,2,1,2,1,1,0.5,2,0.5,0.5,2,1,2,1,2,2,1
Rock,Bug,6,0.5,1,2,1,1,1,1,0.5,1,1,1,1,2,1,1,1,2,1
Rock,Ghost,0,0,0.5,2,1,2,1,0,0.25,2,0.5,1,0.5,1,2,1,2,2,1
Rock,Dragon,2,0.5,0.25,1,0.5,1,2,2,0.5,2,0.5,1,1,1,1,2,1,2,2
Rock,Dark,2,0.5,0.5,2,1,2,1,4,0.5,2,0.5,0,2,1,0.5,1,0.5,2,2
Rock,Steel,7,0.25,1,2,1,1,0.5,4,0,4,0.25,0.5,0.5,0.5,1,0.5,1,1,0.5
Rock,Fairy,3,0.5,0.5,2,1,2,1,1,1,2,0.5,1,0.5,1,1,0,0.5,4,1
Ghost,None,19,0,1,1,1,1,1,0,0.5,1,1,1,0.5,1,2,1,2,1,1
Ghost,Normal,2,0,1,1,1,1,1,0,0.5,1,1,1,0.5,1,0,1,2,1,1
Ghost,Fire,8,0,0.5,2,1,0.5,0.5,0,0.5,2,1,1,0.25,2,2,1,2,0.5,0.5
Ghost,Water,4,0,0.5,0.5,2,2,0.5,0,0.5,1,1,1,0.5,1,2,1,2,0.5,1
Ghost,Electric,1,0,1,1,0.5,1,1,0,0.5,2,0.5,1,0.5,1,2,1,2,0.5,1
Ghost,Grass,16,0,2,0.5,0.5,0.5,2,0,1,0.5,2,1,1,1,2,1,2,1,1
Ghost,Ice,1,0,2,1,1,1,0.5,0,0.5,1,1,1,0.5,2,2,1,2,2,1
Ghost,Fighting,2,0,1,1,1,1,1,0,0.5,1,2,2,0.25,0.5,2,1,1,1,2
Ghost,Poison,5,0,1,1,1,0.5,1,0,0.25,2,1,2,0.25,1,2,1,2,1,0.5
Ghost,Ground,6,0,1,2,0,2,2,0,0.25,1,1,1,0.5,0.5,2,1,2,1,1
Ghost,Flying,3,0,1,1,2,0.5,2,0,0.5,0,1,1,0.25,2,2,1,2,1,1
Ghost,Psychic,4,0,1,1,1,1,1,0,0.5,1,1,0.5,1,1,4,1,4,1,1
Ghost,Bug,1,0,2,1,1,0.5,1,0,0.5,0.5,2,1,0.5,2,2,1,2,1,1
Ghost,Rock,0,0,0.5,2,1,2,1,0,0.25,2,0.5,1,0.5,1,2,1,2,2,1
Ghost,Dragon,5,0,0.5,0.5,0.5,0.5,2,0,0.5,1,1,1,0.5,1,2,2,2,1,2
Ghost,Dark,3,0,1,1,1,1,1,0,0.5,1,1,0,1,1,1,1,1,1,2
Ghost,Steel,5,0,2,1,1,0.5,0.5,0,0,2,0.5,0.5,0.25,0.5,2,0.5,2,0.5,0.5
Ghost,Fairy,2,0,1,1,1,1,1,0,1,1,1,1,0.25,1,2,0,1,2,1
Dragon,None,13,1,0.5,0.5,0.5,0.5,2,1,1,1,1,1,1,1,1,2,1,1,2
Dragon,Normal,2,1,0.5,0.5,0.5,0.5,2,2,1,1,1,1,1,1,0,2,1,1,2
Dragon,Fire,4,1,0.25,1,0.5,0.25,1,1,1,2,1,1,0.5,2,1,2,1,0.5,1
Dragon,Water,8,1,0.25,0.25,1,1,1,1,1,1,1,1,1,1,1,2,1,0.5,2
Dragon,Electric,5,1,0.5,0.5,0.25,0.5,2,1,1,2,0.5,1,1,1,1,2,1,0.5,2
Dragon,Grass,7,1,1,0.25,0.25,0.25,4,1,2,0.5,2,1,2,1,1,2,1,1,2
Dragon,Ice,6,1,1,0.5,0.5,0.5,1,2,1,1,1,1,1,2,1,2,1,2,2
Dragon,Fighting,3,1,0.5,0.5,0.5,0.5,2,1,1,1,2,2,0.5,0.5,1,2,0.5,1,4
Dragon,Poison,4,1,0.5,0.5,0.5,0.25,2,0.5,0.5,2,1,2,0.5,1,1,2,1,1,1
Dragon,Ground,9,1,0.5,1,0,1,4,1,0.5,1,1,1,1,0.5,1,2,1,1,2
Dragon,Flying,8,1,0.5,0.5,1,0.25,4,0.5,1,0,1,1,0.5,2,1,2,1,1,2
Dragon,Psychic,5,1,0.5,0.5,0.5,0.5,2,0.5,1,1,1,0.5,2,1,2,2,2,1,2
Dragon,Bug,0,1,1,0.5,0.5,0.25,2,0.5,1,0.5,2,1,1,2,1,2,1,1,2
Dragon,Rock,2,0.5,0.25,1,0.5,1,2,2,0.5,2,0.5,1,1,1,1,2,1,2,2
Dragon,Ghost,5,0,0.5,0.5,0.5,0.5,2,0,0.5,1,1,1,0.5,1,2,2,2,1,2
Dragon,Dark,5,1,0.5,0.5,0.5,0.5,2,2,1,1,1,0,2,1,0.5,2,0.5,1,4
Dragon,Steel,6,0.5,1,0.5,0.5,0.25,1,2,0,2,0.5,0.5,0.5,0.5,1,1,1,0.5,1
Dragon,Fairy,1,1,0.5,0.5,0.5,0.5,2,0.5,2,1,1,1,0.5,1,1,0,0.5,2,2
Dark,None,16,1,1,1,1,1,1,2,1,1,1,0,2,1,0.5,1,0.5,1,2
Dark,Normal,5,1,1,1,1,1,1,4,1,1,1,0,2,1,0,1,0.5,1,2
Dark,Fire,5,1,0.5,2,1,0.5,0.5,2,1,2,1,0,1,2,0.5,1,0.5,0.5,1
Dark,Water,8,1,0.5,0.5,2,2,0.5,2,1,1,1,0,2,1,0.5,1,0.5,0.5,2
Dark,Electric,2,1,1,1,0.5,1,1,2,1,2,0.5,0,2,1,0.5,1,0.5,0.5,2
Dark,Grass,7,1,2,0.5,0.5,0.5,2,2,2,0.5,2,0,4,1,0.5,1,0.5,1,2
Dark,Ice,3,1,2,1,1,1,0.5,4,1,1,1,0,2,2,0.5,1,0.5,2,2
Dark,Fighting,4,1,1,1,1,1,1,2,1,1,2,0,1,0.5,0.5,1,0.25,1,4
Dark,Poison,7,1,1,1,1,0.5,1,1,0.5,2,1,0,1,1,0.5,1,0.5,1,1
Dark,Ground,4,1,1,2,0,2,2,2,0.5,1,1,0,2,0.5,0.5,1,0.5,1,2
Dark,Flying,8,1,1,1,2,0.5,2,1,1,0,1,0,1,2,0.5,1,0.5,1,2
Dark,Psychic,3,1,1,1,1,1,1,1,1,1,1,0,4,1,1,1,1,1,2
Dark,Bug,1,1,2,1,1,0.5,1,1,1,0.5,2,0,2,2,0.5,1,0.5,1,2
Dark,Rock,2,0.5,0.5,2,1,2,1,4,0.5,2,0.5,0,2,1,0.5,1,0.5,2,2
Dark,Ghost,3,0,1,1,1,1,1,0,0.5,1,1,0,1,1,1,1,1,1,2
Dark,Dragon,5,1,0.5,0.5,0.5,0.5,2,2,1,1,1,0,2,1,0.5,2,0.5,1,4
Dark,Steel,3,0.5,2,1,1,0.5,0.5,4,0,2,0.5,0,1,0.5,0.5,0.5,0.5,0.5,1
Dark,Fairy,3,1,1,1,1,1,1,1,2,1,1,0,1,1,0.5,0,0.25,2,2
Steel,None,12,0.5,2,1,1,0.5,0.5,2,0,2,0.5,0.5,0.5,0.5,1,0.5,1,0.5,0.5
Steel,Normal,0,0.5,2,1,1,0.5,0.5,4,0,2,0.5,0.5,0.5,0.5,0,0.5,1,0.5,0.5
Steel,Fire,1,0.5,1,2,1,0.25,0.25,2,0,4,0.5,0.5,0.25,1,1,0.5,1,0.25,0.25
Steel,Water,1,0.5,1,0.5,2,1,0.25,2,0,2,0.5,0.5,0.5,0.5,1,0.5,1,0.25,0.5
Steel,Electric,4,0.5,2,1,0.5,0.5,0.5,2,0,4,0.25,0.5,0.5,0.5,1,0.5,1,0.25,0.5
Steel,Grass,3,0.5,4,0.5,0.5,0.25,1,2,0,1,1,0.5,1,0.5,1,0.5,1,0.5,0.5
Steel,Ice,2,0.5,4,1,1,0.5,0.25,4,0,2,0.5,0.5,0.5,1,1,0.5,1,1,0.5
Steel,Fighting,4,0.5,2,1,1,0.5,0.5,2,0,2,1,1,0.25,0.25,1,0.5,0.5,0.5,1
Steel,Poison,2,0.5,2,1,1,0.25,0.5,1,0,4,0.5,1,0.25,0.5,1,0.5,1,0.5,0.25
Steel,Ground,7,0.5,2,2,0,1,1,2,0,2,0.5,0.5,0.5,0.25,1,0.5,1,0.5,0.5
Steel,Flying,3,0.5,2,1,2,0.25,1,1,0,0,0.5,0.5,0.25,1,1,0.5,1,0.5,0.5
Steel,Psychic,10,0.5,2,1,1,0.5,0.5,1,0,2,0.5,0.25,1,0.5,2,0.5,2,0.5,0.5
Steel,Bug,7,0.5,4,1,1,0.25,0.5,1,0,1,1,0.5,0.5,1,1,0.5,1,0.5,0.5
Steel,Rock,7,0.25,1,2,1,1,0.5,4,0,4,0.25,0.5,0.5,0.5,1,0.5,1,1,0.5
Steel,Ghost,5,0,2,1,1,0.5,0.5,0,0,2,0.5,0.5,0.25,0.5,2,0.5,2,0.5,0.5
Steel,Dragon,6,0.5,1,0.5,0.5,0.25,1,2,0,2,0.5,0.5,0.5,0.5,1,1,1,0.5,1
Steel,Dark,3,0.5,2,1,1,0.5,0.5,4,0,2,0.5,0,1,0.5,0.5,0.5,0.5,0.5,1
Steel,Fairy,8,0.5,2,1,1,0.5,0.5,1,0,2,0.5,0.5,0.25,0.5,1,0,0.5,1,0.5
Fairy,None,21,1,1,1,1,1,1,0.5,2,1,1,1,0.5,1,1,0,0.5,2,1
Fairy,Normal,5,1,1,1,1,1,1,1,2,1,1,1,0.5,1,0,0,0.5,2,1
Fairy,Fire,0,1,0.5,2,1,0.5,0.5,0.5,2,2,1,1,0.25,2,1,0,0.5,1,0.5
Fairy,Water,4,1,0.5,0.5,2,2,0.5,0.5,2,1,1,1,0.5,1,1,0,0.5,1,1
Fairy,Electric,2,1,1,1,0.5,1,1,0.5,2,2,0.5,1,0.5,1,1,0,0.5,1,1
Fairy,Grass,5,1,2,0.5,0.5,0.5,2,0.5,4,0.5,2,1,1,1,1,0,0.5,2,1
Fairy,Ice,1,1,2,1,1,1,0.5,1,2,1,1,1,0.5,2,1,0,0.5,4,1
Fairy,Fighting,1,1,1,1,1,1,1,0.5,2,1,2,2,0.25,0.5,1,0,0.25,2,2
Fairy,Poison,2,1,1,1,1,0.5,1,0.25,1,2,1,2,0.25,1,1,0,0.5,2,0.5
Fairy,Ground,0,1,1,2,0,2,2,0.5,1,1,1,1,0.5,0.5,1,0,0.5,2,1
Fairy,Flying,4,1,1,1,2,0.5,2,0.25,2,0,1,1,0.25,2,1,0,0.5,2,1
Fairy,Psychic,10,1,1,1,1,1,1,0.25,2,1,1,0.5,1,1,2,0,1,2,1
Fairy,Bug,2,1,2,1,1,0.5,1,0.25,2,0.5,2,1,0.5,2,1,0,0.5,2,1
Fairy,Rock,3,0.5,0.5,2,1,2,1,1,1,2,0.5,1,0.5,1,1,0,0.5,4,1
Fairy,Ghost,2,0,1,1,1,1,1,0,1,1,1,1,0.25,1,2,0,1,2,1
Fairy,Dragon,1,1,0.5,0.5,0.5,0.5,2,0.5,2,1,1,1,0.5,1,1,0,0.5,2,2
Fairy,Dark,3,1,1,1,1,1,1,1,2,1,1,0,1,1,0.5,0,0.25,2,2
Fairy,Steel,8,0.5,2,1,1,0.5,0.5,1,0,2,0.5,0.5,0.25,0.5,1,0,0.5,1,0.5
